{"device_arch":"android","device_model":"Sony : SGP771 : SGP771","app_version":"1.4.15 (201710142157)","os_version":"7.1.1","match_id":"56d805d8-1e42-46d1-ba1b-7d58f001a9a3","match_name":"Haurin Kinkkukisa 2017","match_type":"uspsa_p","match_subtype":"ipsc","match_usemaxstagetime":false,"match_sign":true,"match_meta":[],"match_pointsdownvalue":1.0,"match_maxteamresults":3,"match_secure":false,"match_clubcode":"HAUR","match_clubname":"Haukilahden Urheiluampujat Ry","match_level":"L1","match_date":"2017-12-09","match_creationdate":"2017-12-07 22:07:34.335","match_modifieddate":"2017-12-09 12:13:01.013","match_penalties":[],"match_bonuses":[],"match_cats":["Open","Production","Standard","Classic","Revolver"],"match_procs":[{"uuid":"EQRTwQ","name":"10.2.7 Failure to engage target"},{"uuid":"v9pLTA","name":"2.2.1.5 Shortcut outside shooting area"},{"uuid":"s8g7Dn","name":"10.2.1 Shooting while beyond a Fault Line"},{"uuid":"s8g7Dm","name":"10.2.1.1 Shooting while beyond a Fault Line (per shot)"},{"uuid":"7wTzBw","name":"10.2.2 Fail to comply with WSB"},{"uuid":"jkaZwk","name":"10.2.4 Failure to reload"},{"uuid":"kddJxe","name":"10.2.5 Cooper Tunnel"},{"uuid":"whF4jn","name":"10.2.8 SHO/WHO touching the handgun with the other hand"},{"uuid":"6gWqZ7","name":"10.2.8.1 SHO/WHO support the handgun while shooting"},{"uuid":"dg5MRS","name":"10.2.8.2 SHO/WHO increase stability while shooting"},{"uuid":"xdnYza","name":"10.2.11 Shots over a barrier 1.8m tall"},{"uuid":"WEkBf8","name":"8.6.2 Assisting competitor"},{"uuid":"bJQy4F","name":"8.7.2 Sighting aid during walkthrough"},{"uuid":"eWtfmL","name":"10.2.9 Prohibited action"},{"uuid":"eWtfmK","name":"4.5.1 Rearrangement of stage equipment"},{"uuid":"GuAaQu","name":"A.D4.15 Production - first shot must be DA"},{"uuid":"GsjtMt","name":"8.7.1 Sight picture and/or dry firing (after a warning)"},{"uuid":"uBTRY2","name":"9.1.1 Approaching targets (after a warning)"},{"uuid":"HkvzTR","name":"10.2.6 Creeping prior Start Signal (after a warning)"},{"uuid":"x2TVQF","name":"8.7.1 Sight picture and/or dry firing (Procedural)","warn":true},{"uuid":"BgXQGK","name":"9.1.1 Approaching targets during scoring (Procedural)","warn":true},{"uuid":"R8cMDc","name":"10.2.6 Creeping after the Standby command (Procedural)","warn":true},{"uuid":"5mRLuR","name":"5.2.1.2 Non-empty magwell or cocked handgun (DQ 10.6.1)","warn":true},{"uuid":"7NeDtm","name":"8.3.1.1 Moving away from the start location (DQ 10.6.1)","warn":true},{"uuid":"zLG6ev","name":"8.7.3 Unauthorized presence on stage (DQ 10.6)","warn":true},{"uuid":"XXTzeE","name":"9.7.8 Unauthorized handling of score sheets (DQ 10.6)","warn":true}],"match_dqs":[{"uuid":"Nk2R9M","name":"10.5.2 Muzzle pointed uprange or past safe angle"},{"uuid":"CzfrxQ","name":"10.5.5 Sweeping"},{"uuid":"Gtmb6C","name":"10.5.8 Finger inside trigger guard while clearing malfunction"},{"uuid":"4LZ3Dt","name":"10.5.9 Finger inside trigger guard while loading, reloading, or unloading"},{"uuid":"6kQPCu","name":"10.5.10 Finger inside trigger guard during movement"},{"uuid":"uZmpFr","name":"10.4.1 Shot in unsafe direction"},{"uuid":"snewMA","name":"10.4.2 Shot within 3 meters"},{"uuid":"Dn5Cxd","name":"10.4.3 Shot while loading, reloading, or unloading"},{"uuid":"xy5hNj","name":"10.4.4 Shot during remedial action"},{"uuid":"7Ars2B","name":"10.4.5 Shot while transferring between hands"},{"uuid":"2BuGHU","name":"10.4.6 Shot during movement"},{"uuid":"XMxAjX","name":"10.4.7 Shot at metal target < 7 meters"},{"uuid":"BeMf46","name":"10.5.1 Handling without permission"},{"uuid":"wuzpsg","name":"10.5.3 Dropped gun"},{"uuid":"cGP7cb","name":"10.5.4 Drawing/holstering while in tunnel"},{"uuid":"KWJh2e","name":"10.5.6 Muzzle >1 meter uprange during holster or draw while facing downrange"},{"uuid":"cRhKE7","name":"10.5.7 Wearing more than one firearm"},{"uuid":"TbG2GL","name":"10.5.11 Unsafe loaded and holstered handgun"},{"uuid":"jBKK5Q","name":"10.5.12 Handling ammo in safety area"},{"uuid":"xuMyA3","name":"10.5.13 Unauthorized loaded firearm"},{"uuid":"jTG7yh","name":"10.5.14 Retrieving a dropped firearm"},{"uuid":"bvkLfz","name":"10.5.15 Using prohibited/unsafe ammo"},{"uuid":"bvkLf1","name":"10.5 Unsafe gun handling"},{"uuid":"pqd939","name":"10.6 Unsportsmanlike conduct"},{"uuid":"eMBquw","name":"10.7 Prohibited substances"}],"match_dnfs":[{"uuid":"R4cPM8","name":"6.6.1 Not present at the stage"},{"uuid":"R4cPM9","name":"2.3.3.3 Refused reshoot"},{"uuid":"R4cPMa","name":"5.7.1 Using tools to clear malfunction"},{"uuid":"4AEvHd","name":"8.3.4.2 Didn't fire a shot"},{"uuid":"Hd2QA1","name":"9.7.6.1 Missing time"},{"uuid":"Hd2QA2","name":"9.7.7 Scores not available"},{"uuid":"Hd2QA3","name":"10.4.8 AD due to broken firearm"}],"match_ctgs":"[\"Junior\",\"Senior\",\"Super Senior\",\"Lady\"]","match_cls":["U","D","C","B","A","M","G","X"],"match_stages":[{"stage_number":1,"stage_strings":1,"stage_scoretype":"Comstock","stage_modifieddate":"2017-12-09 12:11:45.979","stage_name":"Asema 1, Perfection in automation,","stage_poppers":0,"stage_noshoots":true,"stage_numtargs":0,"stage_uuid":"06050a13-3df9-4a2b-939b-56c333c88053","stage_classictargets":true,"stage_classifier":false,"stage_classifiercode":"","stage_tppoints":100,"stage_img":"stage48391593.jpg","stage_img_mod":"2017-12-09 12:11:45.978","stage_briefing":"Toiminta ja ajanotto:\r\nAmmu äänimerkistä maalit rikelinjoin rajatulta alueelta.\r\nLähtöasento ja aseen valmiustila:\r\nSeisten rennosti kohti lähintä seinää, kengänkärjet lattiassa olevien merkkien \r\npäällä, pistooli ladattuna kotelossa.","stage_targets":[{"target_number":1,"target_reqshots":2},{"target_number":2,"target_reqshots":2},{"target_number":3,"target_reqshots":2},{"target_number":4,"target_reqshots":2},{"target_number":5,"target_reqshots":2},{"target_number":6,"target_reqshots":2}],"stage_customtargets":[]},{"stage_number":2,"stage_strings":1,"stage_scoretype":"Comstock","stage_modifieddate":"2017-12-09 22:07:41.760","stage_name":"Asema 2, Vanha ulos-sisääntemppu","stage_poppers":0,"stage_noshoots":true,"stage_numtargs":0,"stage_uuid":"35b4e8ea-5ef0-406f-8933-c64bdda8e37b","stage_classictargets":true,"stage_classifier":false,"stage_classifiercode":"","stage_tppoints":100,"stage_img":"stage1266846080.jpg","stage_img_mod":"2017-12-09 22:07:41.759","stage_briefing":"Toiminta ja ajanotto:\r\nAmmu äänimerkistä maalit rikelinjoin rajatulta alueelta.\r\nLähtöasento ja aseen valmiustila:\r\nSeisten rennosti kohti tauluja kohdassa A tai B kengänkärjet merkityillä paikoilla \r\nrikelinjassa, pistooli ladattuna kotelossa.","stage_targets":[{"target_number":1,"target_reqshots":2},{"target_number":2,"target_reqshots":2},{"target_number":3,"target_reqshots":2},{"target_number":4,"target_reqshots":2},{"target_number":5,"target_reqshots":2},{"target_number":6,"target_reqshots":2}],"stage_customtargets":[]},{"stage_number":3,"stage_strings":1,"stage_scoretype":"Comstock","stage_modifieddate":"2017-12-09 22:07:46.068","stage_name":"Asema 3, Vikkeläjalkaista viipotusta,","stage_poppers":0,"stage_noshoots":true,"stage_numtargs":0,"stage_uuid":"71ff6f75-09c2-4cc5-9de3-ab330aa67cf8","stage_classictargets":true,"stage_classifier":false,"stage_classifiercode":"","stage_tppoints":100,"stage_img":"stage1340901256.jpg","stage_img_mod":"2017-12-09 22:07:46.068","stage_briefing":"Toiminta ja ajanotto:\r\nAmmu äänimerkistä maalit rajatulta alueelta.\r\nLähtöasento ja aseen valmiustila:\r\nSeisten rennosti kohti maaleja rikelinjoin rajatulla alueella, pistooli ladattuna\r\nkotelossa.","stage_targets":[{"target_number":1,"target_reqshots":2},{"target_number":2,"target_reqshots":2},{"target_number":3,"target_reqshots":2},{"target_number":4,"target_reqshots":2},{"target_number":5,"target_reqshots":2},{"target_number":6,"target_reqshots":2},{"target_number":7,"target_reqshots":2},{"target_number":8,"target_reqshots":2},{"target_number":9,"target_reqshots":2},{"target_number":10,"target_reqshots":2},{"target_number":11,"target_reqshots":2},{"target_number":12,"target_reqshots":2}],"stage_customtargets":[]},{"stage_number":4,"stage_strings":1,"stage_scoretype":"Comstock","stage_modifieddate":"2017-12-09 22:07:51.929","stage_name":"Asema 4, Ympäri käydään 2017","stage_poppers":4,"stage_noshoots":true,"stage_numtargs":0,"stage_uuid":"c88b5c69-f0f5-4802-93d8-ec5351489923","stage_classictargets":true,"stage_classifier":false,"stage_classifiercode":"","stage_tppoints":100,"stage_img":"stage331093444.jpg","stage_img_mod":"2017-12-09 22:07:51.929","stage_briefing":"Toiminta ja ajanotto:\r\nAmmu äänimerkistä T1–T14 tolppien rajaaman neliön ulkopuolelta ja kierrettyäsi \r\nniitä kaatamatta kaikki neljä tolppaa, ammu P1–P4 lähtöalueelta. Jokaisesta \r\nkaatuneesta tolpasta rangaistaan toimintavirheellä. Levyn kaatavasta lähtöalueen \r\nulkopuolella ammutusta laukauksesta rangaistaan toimintavirheellä.\r\nLähtöasento ja aseen valmiustila:\r\nSeisten rennosti kohti maaleja alueella A tai B, pistooli ladattuna\r\nkotelossa.","stage_targets":[{"target_number":1,"target_reqshots":2},{"target_number":2,"target_reqshots":2},{"target_number":3,"target_reqshots":2},{"target_number":4,"target_reqshots":2},{"target_number":5,"target_reqshots":2},{"target_number":6,"target_reqshots":2},{"target_number":7,"target_reqshots":2},{"target_number":8,"target_reqshots":2},{"target_number":9,"target_reqshots":2},{"target_number":10,"target_reqshots":2},{"target_number":11,"target_reqshots":2},{"target_number":12,"target_reqshots":2},{"target_number":13,"target_reqshots":2},{"target_number":14,"target_reqshots":2}],"stage_customtargets":[]}],"match_shooters":[{"sh_sqd":4,"sh_grd":"","sh_id":"2941","sh_del":false,"sh_wlk":false,"sh_mod":"2017-12-09 12:46:50.296","mod_pr":"2017-12-09 12:46:50.296","mod_dv":"2017-12-07 22:11:36.154","mod_pf":"2017-12-07 22:11:36.154","mod_sq":"2017-12-10 12:52:24.153","mod_dl":"2017-12-07 22:11:36.154","mod_dq":"2017-12-07 22:11:36.154","sh_pf":"MINOR","sh_num":-1,"sh_uuid":"86a6e762-03c1-438d-964b-d7048547d0c2","sh_uid":"86a6e762-03c1-438d-964b-d7048547d0c2","sh_dvp":"Standard","sh_ln":"Hakanen","sh_fn":"Jere","sh_eml":"jere.hakanen@elisanet.fi","sh_ph":"+358-405963552","sh_cc":"Finland","sh_dq":false,"sh_random":-2138972624},{"sh_sqd":1,"sh_grd":"","sh_id":"5370","sh_del":false,"sh_wlk":false,"sh_mod":"2017-12-09 12:46:50.297","mod_pr":"2017-12-09 12:46:50.297","mod_dv":"2017-12-07 22:11:36.155","mod_pf":"2017-12-07 22:11:36.155","mod_sq":"2017-12-08 20:24:29.347","mod_dl":"2017-12-07 22:11:36.155","mod_dq":"2017-12-07 22:11:36.155","sh_pf":"MINOR","sh_num":-1,"sh_uuid":"d2115dce-2808-434d-bf71-b960bba8a883","sh_uid":"d2115dce-2808-434d-bf71-b960bba8a883","sh_dvp":"Standard","sh_ln":"Moisio","sh_fn":"Lasse","sh_eml":"lasse.j.moisio@gmail.com","sh_ph":"+358-407387190","sh_cc":"Finland","sh_dq":false,"sh_random":-1677201203},{"sh_sqd":4,"sh_grd":"","sh_id":"5686","sh_del":false,"sh_wlk":false,"sh_mod":"2017-12-09 12:46:50.297","mod_pr":"2017-12-09 12:46:50.297","mod_dv":"2017-12-07 22:11:36.155","mod_pf":"2017-12-07 22:11:36.155","mod_sq":"2017-12-08 20:27:14.606","mod_dl":"2017-12-07 22:11:36.155","mod_dq":"2017-12-07 22:11:36.155","sh_pf":"MINOR","sh_num":-1,"sh_uuid":"8b6e970c-6029-4c78-9c3d-a9d9d3ce9a1b","sh_uid":"8b6e970c-6029-4c78-9c3d-a9d9d3ce9a1b","sh_dvp":"Standard","sh_ln":"Välimäki","sh_fn":"Juha","sh_eml":"juha@juhavalimaki.fi","sh_ph":"+358-405805474","sh_cc":"Finland","sh_dq":false,"sh_random":-92243607},{"sh_sqd":1,"sh_grd":"","sh_id":"3794","sh_del":false,"sh_age":"SENIOR","sh_ctgs":"[\"Senior\"]","sh_wlk":false,"sh_mod":"2017-12-09 12:46:50.297","mod_pr":"2017-12-09 12:46:50.297","mod_dv":"2017-12-07 22:11:36.156","mod_pf":"2017-12-07 22:11:36.156","mod_sq":"2017-12-08 20:24:43.729","mod_dl":"2017-12-07 22:11:36.156","mod_dq":"2017-12-07 22:11:36.156","sh_pf":"MAJOR","sh_num":-1,"sh_uuid":"9b979a38-d91c-49a5-8994-e16afe4c7a12","sh_uid":"9b979a38-d91c-49a5-8994-e16afe4c7a12","sh_dvp":"Standard","sh_ln":"Kivistö","sh_fn":"Kari","sh_eml":"kari@kivisto.net","sh_ph":"+358-400730998","sh_cc":"Finland","sh_dq":false,"sh_random":1982656625},{"sh_sqd":2,"sh_grd":"","sh_id":"3521","sh_del":false,"sh_age":"SUPSNR","sh_ctgs":"[\"Super Senior\"]","sh_wlk":false,"sh_mod":"2017-12-09 12:46:50.298","mod_pr":"2017-12-09 12:46:50.298","mod_dv":"2017-12-07 22:11:36.156","mod_pf":"2017-12-07 22:11:36.156","mod_sq":"2017-12-08 20:24:59.598","mod_dl":"2017-12-07 22:11:36.156","mod_dq":"2017-12-07 22:11:36.156","sh_pf":"MAJOR","sh_num":-1,"sh_uuid":"8b78bb26-7c4e-468c-a79d-f3ae1441f547","sh_uid":"8b78bb26-7c4e-468c-a79d-f3ae1441f547","sh_dvp":"Standard","sh_ln":"Varonen","sh_fn":"Jukka","sh_eml":"jukka.varonen@kolumbus.fi","sh_ph":"+358-400200790","sh_cc":"Finland","sh_dq":false,"sh_random":-1109448056},{"sh_sqd":2,"sh_grd":"","sh_id":"3956","sh_del":false,"sh_wlk":false,"sh_mod":"2017-12-09 12:46:50.297","mod_pr":"2017-12-09 12:46:50.297","mod_dv":"2017-12-07 22:11:36.157","mod_pf":"2017-12-09 10:20:26.109","mod_sq":"2017-12-08 20:25:14.597","mod_dl":"2017-12-07 22:11:36.157","mod_dq":"2017-12-07 22:11:36.157","sh_pf":"MAJOR","sh_num":-1,"sh_uuid":"5e210b7f-83cd-4327-8fbf-12b8f1df21c8","sh_uid":"5e210b7f-83cd-4327-8fbf-12b8f1df21c8","sh_dvp":"Standard","sh_ln":"Hokkanen","sh_fn":"Tero","sh_eml":"hokkanentero7@gmail.com","sh_ph":"+358-503814864","sh_cc":"Finland","sh_dq":false,"sh_random":-1350847779},{"sh_sqd":3,"sh_grd":"","sh_id":"3515","sh_del":false,"sh_wlk":false,"sh_mod":"2017-12-09 12:46:50.297","mod_pr":"2017-12-09 12:46:50.297","mod_dv":"2017-12-07 22:11:36.158","mod_pf":"2017-12-07 22:11:36.158","mod_sq":"2017-12-07 22:11:36.158","mod_dl":"2017-12-07 22:11:36.158","mod_dq":"2017-12-07 22:11:36.158","sh_pf":"MINOR","sh_num":-1,"sh_uuid":"c54de93a-e65f-482b-a464-c3e1078e9bc0","sh_uid":"c54de93a-e65f-482b-a464-c3e1078e9bc0","sh_dvp":"Standard","sh_ln":"Peltonen","sh_fn":"Aki","sh_eml":"akipelto@gmail.com","sh_ph":"+358-503645629","sh_cc":"Finland","sh_dq":false,"sh_random":1612453308},{"sh_sqd":1,"sh_grd":"","sh_id":"3252","sh_del":false,"sh_wlk":false,"sh_mod":"2017-12-09 12:46:50.296","mod_pr":"2017-12-09 12:46:50.296","mod_dv":"2017-12-07 22:11:36.158","mod_pf":"2017-12-07 22:11:36.158","mod_sq":"2017-12-07 22:11:36.158","mod_dl":"2017-12-07 22:11:36.158","mod_dq":"2017-12-07 22:11:36.158","sh_pf":"MINOR","sh_num":-1,"sh_uuid":"d87d16b9-1827-4602-856e-6e8e32b6898f","sh_uid":"d87d16b9-1827-4602-856e-6e8e32b6898f","sh_dvp":"Standard","sh_ln":"Johansson","sh_fn":"Dick","sh_eml":"djoh@kolumbus.fi","sh_ph":"+358-408217728","sh_cc":"Finland","sh_dq":false,"sh_random":867055550},{"sh_sqd":1,"sh_grd":"","sh_id":"4061","sh_del":false,"sh_age":"SUPSNR","sh_ctgs":"[\"Super Senior\"]","sh_wlk":false,"sh_mod":"2017-12-09 12:46:50.297","mod_pr":"2017-12-09 12:46:50.297","mod_dv":"2017-12-07 22:11:36.159","mod_pf":"2017-12-07 22:11:36.159","mod_sq":"2017-12-07 22:11:36.159","mod_dl":"2017-12-07 22:11:36.159","mod_dq":"2017-12-07 22:11:36.159","sh_pf":"MINOR","sh_num":-1,"sh_uuid":"2d22ace2-5522-488d-827d-c3044900f4dd","sh_uid":"2d22ace2-5522-488d-827d-c3044900f4dd","sh_dvp":"Standard","sh_ln":"Lehtinen","sh_fn":"Kauko","sh_eml":"kauko.lehtinen@kolumbus.fi","sh_ph":"+358-405189120","sh_cc":"Finland","sh_dq":false,"sh_random":-243253374},{"sh_sqd":4,"sh_grd":"","sh_id":"2432","sh_del":true,"sh_wlk":false,"sh_mod":"2017-12-09 12:46:50.297","mod_pr":"2017-12-09 12:46:50.297","mod_dv":"2017-12-07 22:11:36.159","mod_pf":"2017-12-07 22:11:36.159","mod_sq":"2017-12-08 20:27:14.606","mod_dl":"2017-12-10 11:46:30.333","mod_dq":"2017-12-07 22:11:36.159","sh_pf":"MINOR","sh_num":-1,"sh_uuid":"cdc75909-0efb-41b2-82e9-c05241f370dc","sh_uid":"cdc75909-0efb-41b2-82e9-c05241f370dc","sh_dvp":"Standard","sh_ln":"Pietilä","sh_fn":"Tero","sh_eml":"tero.pietila@metroauto.fi","sh_ph":"+358-504210334","sh_cc":"Finland","sh_dq":false,"sh_random":240780101},{"sh_sqd":4,"sh_grd":"","sh_id":"2237","sh_del":false,"sh_wlk":false,"sh_mod":"2017-12-09 12:46:50.297","mod_pr":"2017-12-09 12:46:50.297","mod_dv":"2017-12-07 22:11:36.160","mod_pf":"2017-12-07 22:11:36.160","mod_sq":"2017-12-08 20:26:16.082","mod_dl":"2017-12-07 22:11:36.160","mod_dq":"2017-12-07 22:11:36.160","sh_pf":"MAJOR","sh_num":-1,"sh_uuid":"4bbfc89e-a4b1-4f38-8311-ee50d816ec23","sh_uid":"4bbfc89e-a4b1-4f38-8311-ee50d816ec23","sh_dvp":"Standard","sh_ln":"Piepponen","sh_fn":"Petteri","sh_eml":"petteri.piepponen@helsinki.fi","sh_ph":"+358-445909730","sh_cc":"Finland","sh_dq":false,"sh_random":865058527},{"sh_sqd":1,"sh_grd":"","sh_id":"4554","sh_del":false,"sh_wlk":false,"sh_mod":"2017-12-09 12:46:50.298","mod_pr":"2017-12-09 12:46:50.298","mod_dv":"2017-12-07 22:11:36.161","mod_pf":"2017-12-07 22:11:36.161","mod_sq":"2017-12-07 22:11:36.161","mod_dl":"2017-12-07 22:11:36.161","mod_dq":"2017-12-07 22:11:36.161","sh_pf":"MINOR","sh_num":-1,"sh_uuid":"7d7324b6-e230-4a6e-bf3b-e107e54c3fe5","sh_uid":"7d7324b6-e230-4a6e-bf3b-e107e54c3fe5","sh_dvp":"Standard","sh_ln":"Huttunen","sh_fn":"Rauno","sh_eml":"rauno.huttunen@iki.fi","sh_ph":"+358-503099104","sh_cc":"Finland","sh_dq":false,"sh_random":-825246283},{"sh_sqd":5,"sh_grd":"","sh_id":"5498","sh_del":false,"sh_wlk":false,"sh_mod":"2017-12-09 12:46:50.297","mod_pr":"2017-12-09 12:46:50.297","mod_dv":"2017-12-07 22:11:36.161","mod_pf":"2017-12-07 22:11:36.161","mod_sq":"2017-12-07 22:11:36.161","mod_dl":"2017-12-07 22:11:36.161","mod_dq":"2017-12-07 22:11:36.161","sh_pf":"MINOR","sh_num":-1,"sh_uuid":"b327d154-917c-45b1-8b6a-77471afdc34b","sh_uid":"b327d154-917c-45b1-8b6a-77471afdc34b","sh_dvp":"Standard","sh_ln":"Virta","sh_fn":"Jarno","sh_eml":"jarvirta1@gmail.com","sh_ph":"+358-442636477","sh_cc":"Finland","sh_dq":false,"sh_random":1851073366},{"sh_sqd":5,"sh_grd":"","sh_id":"5534","sh_del":false,"sh_wlk":false,"sh_mod":"2017-12-09 12:46:50.296","mod_pr":"2017-12-09 12:46:50.296","mod_dv":"2017-12-07 22:11:36.162","mod_pf":"2017-12-07 22:11:36.162","mod_sq":"2017-12-07 22:11:36.162","mod_dl":"2017-12-07 22:11:36.162","mod_dq":"2017-12-07 22:11:36.162","sh_pf":"MINOR","sh_num":-1,"sh_uuid":"a64679b0-90f4-4e7d-b7b4-59aaa599a110","sh_uid":"a64679b0-90f4-4e7d-b7b4-59aaa599a110","sh_dvp":"Standard","sh_ln":"Mäkinen","sh_fn":"Mika","sh_eml":"mikmak@iki.fi","sh_ph":"+358-505930139","sh_cc":"Finland","sh_dq":false,"sh_random":-841002895},{"sh_sqd":4,"sh_grd":"","sh_id":"4018","sh_del":false,"sh_age":"SENIOR","sh_ctgs":"[\"Senior\"]","sh_wlk":false,"sh_mod":"2017-12-09 12:46:50.297","mod_pr":"2017-12-10 11:14:52.437","mod_dv":"2017-12-07 22:11:36.162","mod_pf":"2017-12-07 22:11:36.162","mod_sq":"2017-12-10 11:14:52.437","mod_dl":"2017-12-07 22:11:36.162","mod_dq":"2017-12-07 22:11:36.162","sh_pf":"MAJOR","sh_num":-1,"sh_uuid":"4cff1c84-6716-46f7-b412-cec458047018","sh_uid":"4cff1c84-6716-46f7-b412-cec458047018","sh_dvp":"Standard","sh_ln":"Tuoriniemi","sh_fn":"Tero","sh_eml":"tero.tuoriniemi@gmail.com","sh_ph":"+358-403570464","sh_cc":"Finland","sh_dq":false,"sh_random":-439040228},{"sh_sqd":4,"sh_grd":"","sh_id":"5053","sh_del":false,"sh_age":"SENIOR","sh_ctgs":"[\"Senior\"]","sh_wlk":false,"sh_mod":"2017-12-09 12:46:50.297","mod_pr":"2017-12-09 12:46:50.297","mod_dv":"2017-12-07 22:11:36.163","mod_pf":"2017-12-07 22:11:36.163","mod_sq":"2017-12-08 20:26:16.083","mod_dl":"2017-12-07 22:11:36.163","mod_dq":"2017-12-07 22:11:36.163","sh_pf":"MINOR","sh_num":-1,"sh_uuid":"35a61c32-a9d6-43f6-937d-640dd3a0557d","sh_uid":"35a61c32-a9d6-43f6-937d-640dd3a0557d","sh_dvp":"Standard","sh_ln":"Björk","sh_fn":"Marko","sh_eml":"marko.bjork@welho.com","sh_ph":"+358-405617797","sh_cc":"Finland","sh_dq":false,"sh_random":629687287},{"sh_sqd":2,"sh_grd":"","sh_id":"3518","sh_del":false,"sh_wlk":false,"sh_mod":"2017-12-09 12:46:50.296","mod_pr":"2017-12-09 12:46:50.296","mod_dv":"2017-12-07 22:11:36.164","mod_pf":"2017-12-07 22:11:36.164","mod_sq":"2017-12-09 09:20:54.917","mod_dl":"2017-12-07 22:11:36.164","mod_dq":"2017-12-07 22:11:36.164","sh_pf":"MINOR","sh_num":-1,"sh_uuid":"428224b4-e81a-49ab-b0dc-ac19bbb1cca3","sh_uid":"428224b4-e81a-49ab-b0dc-ac19bbb1cca3","sh_dvp":"Standard","sh_ln":"Veijalainen","sh_fn":"Kimmo","sh_eml":"kimmo.veijalainen@iki.fi","sh_ph":"+358-442730335","sh_cc":"Finland","sh_dq":false,"sh_random":1969172407},{"sh_sqd":3,"sh_grd":"","sh_id":"4839","sh_del":false,"sh_wlk":false,"sh_mod":"2017-12-09 12:46:50.297","mod_pr":"2017-12-09 12:46:50.297","mod_dv":"2017-12-07 22:11:36.165","mod_pf":"2017-12-07 22:11:36.165","mod_sq":"2017-12-07 22:11:36.165","mod_dl":"2017-12-07 22:11:36.165","mod_dq":"2017-12-07 22:11:36.165","sh_pf":"MINOR","sh_num":-1,"sh_uuid":"41cd9ef9-c162-42b0-bcc9-23499fcfcb2e","sh_uid":"41cd9ef9-c162-42b0-bcc9-23499fcfcb2e","sh_dvp":"Standard","sh_ln":"Loukkola","sh_fn":"Matti","sh_eml":"loukkola.matti@gmail.com","sh_ph":"+358-503462823","sh_cc":"Finland","sh_dq":false,"sh_random":1347841271},{"sh_sqd":1,"sh_grd":"","sh_id":"3911","sh_del":false,"sh_wlk":false,"sh_mod":"2017-12-09 12:46:50.298","mod_pr":"2017-12-09 12:46:50.298","mod_dv":"2017-12-07 22:11:36.165","mod_pf":"2017-12-07 22:11:36.165","mod_sq":"2017-12-07 22:11:36.165","mod_dl":"2017-12-07 22:11:36.165","mod_dq":"2017-12-07 22:11:36.165","sh_pf":"MINOR","sh_num":-1,"sh_uuid":"200298a5-c621-45a3-a058-f9c87da7d6f9","sh_uid":"200298a5-c621-45a3-a058-f9c87da7d6f9","sh_dvp":"Standard","sh_ln":"Matvejev","sh_fn":"Dmitri","sh_eml":"dmitri.matvejev@gmail.com","sh_ph":"+358-505395916","sh_cc":"Finland","sh_dq":false,"sh_random":-1818382448},{"sh_sqd":2,"sh_grd":"","sh_id":"4285","sh_del":false,"sh_age":"SENIOR","sh_ctgs":"[\"Senior\"]","sh_wlk":false,"sh_mod":"2017-12-09 12:46:50.297","mod_pr":"2017-12-09 12:46:50.297","mod_dv":"2017-12-07 22:11:36.166","mod_pf":"2017-12-07 22:11:36.166","mod_sq":"2017-12-07 22:11:36.166","mod_dl":"2017-12-07 22:11:36.166","mod_dq":"2017-12-07 22:11:36.166","sh_pf":"MINOR","sh_num":-1,"sh_uuid":"ea7fc6be-e238-4a33-b1e6-b47e5f4709c3","sh_uid":"ea7fc6be-e238-4a33-b1e6-b47e5f4709c3","sh_dvp":"Standard","sh_ln":"Reivinen","sh_fn":"Jukka","sh_eml":"jukka.reivinen@kolumbus.fi","sh_ph":"+358-505979483","sh_cc":"Finland","sh_dq":false,"sh_random":58453727},{"sh_sqd":5,"sh_grd":"","sh_id":"3245","sh_del":false,"sh_wlk":false,"sh_mod":"2017-12-09 12:46:50.298","mod_pr":"2017-12-09 12:46:50.298","mod_dv":"2017-12-07 22:11:36.166","mod_pf":"2017-12-07 22:11:36.166","mod_sq":"2017-12-07 22:11:36.166","mod_dl":"2017-12-07 22:11:36.166","mod_dq":"2017-12-07 22:11:36.166","sh_pf":"MAJOR","sh_num":-1,"sh_uuid":"3b13eec7-34d3-471b-abbb-e7532fc638e7","sh_uid":"3b13eec7-34d3-471b-abbb-e7532fc638e7","sh_dvp":"Standard","sh_ln":"Hyvätti","sh_fn":"Jaakko","sh_eml":"jaakko.hyvatti@iki.fi","sh_ph":"+358-405011222","sh_cc":"Finland","sh_dq":false,"sh_random":1608281232},{"sh_sqd":2,"sh_grd":"","sh_id":"2239","sh_del":false,"sh_age":"SENIOR","sh_ctgs":"[\"Senior\"]","sh_wlk":false,"sh_mod":"2017-12-09 12:46:50.298","mod_pr":"2017-12-09 12:46:50.298","mod_dv":"2017-12-07 22:11:36.167","mod_pf":"2017-12-07 22:11:36.167","mod_sq":"2017-12-07 22:11:36.167","mod_dl":"2017-12-07 22:11:36.167","mod_dq":"2017-12-07 22:11:36.167","sh_pf":"MINOR","sh_num":-1,"sh_uuid":"0457f307-81dd-4a02-b162-11fa12c33125","sh_uid":"0457f307-81dd-4a02-b162-11fa12c33125","sh_dvp":"Standard","sh_ln":"Virtanen","sh_fn":"Kari","sh_eml":"kari.virtanen@saunalahti.fi","sh_ph":"+358-400443272","sh_cc":"Finland","sh_dq":false,"sh_random":1695656357},{"sh_sqd":4,"sh_grd":"","sh_id":"4436","sh_del":false,"sh_wlk":false,"sh_mod":"2017-12-09 12:46:50.296","mod_pr":"2017-12-09 12:46:50.296","mod_dv":"2017-12-07 22:11:36.167","mod_pf":"2017-12-07 22:11:36.167","mod_sq":"2017-12-08 20:23:18.304","mod_dl":"2017-12-07 22:11:36.167","mod_dq":"2017-12-07 22:11:36.167","sh_pf":"MINOR","sh_num":-1,"sh_uuid":"24cb970f-1c13-4742-b14d-11dc4b5f4cf3","sh_uid":"24cb970f-1c13-4742-b14d-11dc4b5f4cf3","sh_dvp":"Standard","sh_ln":"Rekola","sh_fn":"Marko","sh_eml":"marko.k.rekola@gmail.com","sh_ph":"+358-453217907","sh_cc":"Finland","sh_dq":false,"sh_random":-393040052},{"sh_sqd":3,"sh_grd":"","sh_id":"4891","sh_del":false,"sh_wlk":false,"sh_mod":"2017-12-09 12:46:50.297","mod_pr":"2017-12-09 12:46:50.297","mod_dv":"2017-12-07 22:11:36.168","mod_pf":"2017-12-07 22:11:36.168","mod_sq":"2017-12-07 22:11:36.168","mod_dl":"2017-12-07 22:11:36.168","mod_dq":"2017-12-07 22:11:36.168","sh_pf":"MINOR","sh_num":-1,"sh_uuid":"f11a83f7-9304-4ec7-bb59-a1ad53ea1eb1","sh_uid":"f11a83f7-9304-4ec7-bb59-a1ad53ea1eb1","sh_dvp":"Standard","sh_ln":"Eloranta","sh_fn":"Mika","sh_eml":"shootnscoreit@eloranta.org","sh_ph":"+358-405174574","sh_cc":"Finland","sh_dq":false,"sh_random":1109270632},{"sh_sqd":2,"sh_grd":"U","sh_id":"484","sh_del":false,"sh_wlk":false,"sh_mod":"2017-12-09 12:46:50.298","mod_pr":"2017-12-09 12:46:50.298","mod_dv":"2017-12-08 20:22:35.949","mod_pf":"2017-12-08 20:22:35.949","mod_sq":"2017-12-08 20:22:35.949","mod_dl":"2017-12-08 20:22:35.949","mod_dq":"2017-12-08 20:22:35.949","sh_pf":"MINOR","sh_num":-1,"sh_uuid":"088a6be9-b246-478c-882a-e31a8f8b120c","sh_uid":"088a6be9-b246-478c-882a-e31a8f8b120c","sh_dvp":"Standard","sh_ln":"Selen","sh_fn":"Raimo","sh_eml":"raimoselen@gmail.com","sh_ph":"+358400418835","sh_cc":"Finland","sh_dq":false,"sh_random":1300510389},{"sh_sqd":3,"sh_grd":"","sh_id":"4521","sh_del":false,"sh_wlk":false,"sh_mod":"2017-12-09 12:46:50.297","mod_pr":"2017-12-09 12:46:50.297","mod_dv":"2017-12-09 12:43:06.444","mod_pf":"2017-12-09 12:43:06.444","mod_sq":"2017-12-09 12:43:06.444","mod_dl":"2017-12-09 12:43:06.444","mod_dq":"2017-12-09 12:43:06.444","sh_pf":"MINOR","sh_num":-1,"sh_uuid":"894395cd-a07f-4c88-b4d5-6489bf43c1ba","sh_uid":"894395cd-a07f-4c88-b4d5-6489bf43c1ba","sh_dvp":"Standard","sh_ln":"Engberg","sh_fn":"Juha","sh_eml":"juha.engberg@gmail.com","sh_ph":"+358-408286393","sh_cc":"Finland","sh_dq":false,"sh_random":1358698718},{"sh_sqd":3,"sh_grd":"","sh_id":"4916","sh_del":false,"sh_wlk":false,"sh_mod":"2017-12-09 12:46:50.296","mod_pr":"2017-12-09 12:46:50.296","mod_dv":"2017-12-09 12:43:06.447","mod_pf":"2017-12-09 12:43:06.447","mod_sq":"2017-12-09 12:43:06.447","mod_dl":"2017-12-09 12:43:06.447","mod_dq":"2017-12-09 12:43:06.447","sh_pf":"MINOR","sh_num":-1,"sh_uuid":"f723da93-6a2b-4150-a492-69271a5b6268","sh_uid":"f723da93-6a2b-4150-a492-69271a5b6268","sh_dvp":"Standard","sh_ln":"Jantunen","sh_fn":"Lauri","sh_eml":"lauri.jantunen@kolumbus.fi","sh_ph":"-","sh_cc":"Finland","sh_dq":false,"sh_random":-189557352},{"sh_sqd":3,"sh_grd":"","sh_id":"423","sh_del":false,"sh_wlk":false,"sh_mod":"2017-12-09 12:46:50.298","mod_pr":"2017-12-09 12:46:50.298","mod_dv":"2017-12-09 12:43:06.448","mod_pf":"2017-12-09 12:43:06.448","mod_sq":"2017-12-09 12:43:06.448","mod_dl":"2017-12-09 12:43:06.448","mod_dq":"2017-12-09 12:43:06.448","sh_pf":"MINOR","sh_num":-1,"sh_uuid":"4388fed7-af54-4196-be5e-5f7020415fae","sh_uid":"4388fed7-af54-4196-be5e-5f7020415fae","sh_dvp":"Standard","sh_ln":"Romppainen","sh_fn":"Ismo","sh_eml":"ismo.k.romppainen@gmail.com","sh_ph":"+358-400856756","sh_cc":"Finland","sh_dq":false,"sh_random":-1241092069},{"sh_sqd":5,"sh_grd":"","sh_id":"4804","sh_del":false,"sh_wlk":false,"sh_mod":"2017-12-09 12:46:50.296","mod_pr":"2017-12-09 12:46:50.296","mod_dv":"2017-12-09 12:43:06.448","mod_pf":"2017-12-09 12:43:06.448","mod_sq":"2017-12-09 12:43:06.448","mod_dl":"2017-12-09 12:43:06.448","mod_dq":"2017-12-09 12:43:06.448","sh_pf":"MINOR","sh_num":-1,"sh_uuid":"a02ff3d7-82da-455f-9a6f-7af8d63865a4","sh_uid":"a02ff3d7-82da-455f-9a6f-7af8d63865a4","sh_dvp":"Standard","sh_ln":"Alatalo","sh_fn":"Marko","sh_eml":"marko.alatalo@webnetti.com","sh_ph":"+358-400817792","sh_cc":"Finland","sh_dq":false,"sh_random":-430647989},{"sh_sqd":5,"sh_grd":"","sh_id":"4159","sh_del":false,"sh_age":"SENIOR","sh_ctgs":"[\"Senior\"]","sh_wlk":false,"sh_mod":"2017-12-09 12:46:50.297","mod_pr":"2017-12-09 12:46:50.297","mod_dv":"2017-12-09 12:43:06.450","mod_pf":"2017-12-09 12:43:06.450","mod_sq":"2017-12-09 12:43:06.450","mod_dl":"2017-12-09 12:43:06.450","mod_dq":"2017-12-09 12:43:06.450","sh_pf":"MINOR","sh_num":-1,"sh_uuid":"7a02201c-a1c4-4ab4-9747-658fd9a6a443","sh_uid":"7a02201c-a1c4-4ab4-9747-658fd9a6a443","sh_dvp":"Standard","sh_ln":"Tiili","sh_fn":"Niilo","sh_eml":"niilo.tiili@gmail.com","sh_ph":"+358-409009993","sh_cc":"Finland","sh_dq":false,"sh_random":-1535561870},{"sh_sqd":4,"sh_grd":"","sh_id":"4974","sh_del":false,"sh_wlk":false,"sh_mod":"2017-12-09 12:46:50.298","mod_pr":"2017-12-09 12:46:50.298","mod_dv":"2017-12-09 12:43:06.450","mod_pf":"2017-12-09 12:43:06.450","mod_sq":"2017-12-09 12:43:06.450","mod_dl":"2017-12-09 12:43:06.450","mod_dq":"2017-12-09 12:43:06.450","sh_pf":"MAJOR","sh_num":-1,"sh_uuid":"d69b7933-2a8f-406a-8bc0-84b32c28a8ae","sh_uid":"d69b7933-2a8f-406a-8bc0-84b32c28a8ae","sh_dvp":"Standard","sh_ln":"Toivola","sh_fn":"Juha","sh_eml":"pappa.toivola@elisanet.fi","sh_ph":"-","sh_cc":"Finland","sh_dq":false,"sh_random":1822822514},{"sh_sqd":5,"sh_grd":"U","sh_id":"5369","sh_del":true,"sh_age":"SENIOR","sh_ctgs":"[\"Senior\"]","sh_wlk":false,"sh_mod":"2017-12-09 22:10:17.567","mod_pr":"2017-12-09 22:06:28.791","mod_dv":"2017-12-09 22:06:28.791","mod_pf":"2017-12-09 22:06:28.791","mod_sq":"2017-12-09 22:06:28.791","mod_dl":"2017-12-10 15:05:08.663","mod_dq":"2017-12-09 22:06:28.791","sh_pf":"MINOR","sh_num":-1,"sh_uuid":"a669cd10-dc0e-4156-9fae-1faf4d309365","sh_uid":"a669cd10-dc0e-4156-9fae-1faf4d309365","sh_dvp":"Standard","sh_ln":"Tuomisto","sh_fn":"Sami","sh_eml":"sami.tuomisto@neomailbox.net","sh_ph":"","sh_cc":"Finland","sh_dq":false,"sh_random":1256796511},{"sh_sqd":4,"sh_grd":"U","sh_id":"281","sh_del":false,"sh_age":"SUPSNR","sh_ctgs":"[\"Super Senior\"]","sh_wlk":false,"sh_mod":"2017-12-10 11:46:11.669","mod_pr":"2017-12-10 11:46:11.670","mod_dv":"2017-12-10 11:46:11.670","mod_pf":"2017-12-10 11:46:11.670","mod_sq":"2017-12-10 11:46:11.670","mod_dl":"2017-12-10 11:46:11.669","mod_dq":"2017-12-10 11:46:11.670","sh_pf":"MINOR","sh_num":-1,"sh_uuid":"49791093-a5e3-446f-90b1-ebcff6c8ca17","sh_uid":"49791093-a5e3-446f-90b1-ebcff6c8ca17","sh_dvp":"Standard","sh_ln":"Vainio","sh_fn":"Tuomas","sh_eml":"tuomas.vainio@elisanet.fi","sh_ph":"","sh_cc":"","sh_dq":false,"sh_random":-409589499}]}